{"properties":{"connectionReferences":{"shared_commondataserviceforapps":{"runtimeSource":"embedded","connection":{},"api":{"name":"shared_commondataserviceforapps"}},"shared_office365":{"runtimeSource":"invoker","connection":{},"api":{"name":"shared_office365"}}},"definition":{"$schema":"https://schema.management.azure.com/providers/Microsoft.Logic/schemas/2016-06-01/workflowdefinition.json#","contentVersion":"1.0.0.0","parameters":{"$connections":{"defaultValue":{},"type":"Object"},"$authentication":{"defaultValue":{},"type":"SecureObject"}},"triggers":{"manual":{"type":"Request","kind":"Button","inputs":{"schema":{"type":"object","properties":{"text":{"title":"Action Type","type":"string","x-ms-dynamically-added":true,"description":"Please select your next status","x-ms-content-hint":"TEXT","enum":["Submit","Approve","Reject","SubCompletemit"]},"text_1":{"title":"Stage","type":"string","x-ms-dynamically-added":true,"description":"Please select the next stage","x-ms-content-hint":"TEXT","enum":["Analyst Review (Submitted)","Associate Review","Director Review","Legal Review","Published"]},"text_2":{"title":"Transaction Guid","type":"string","x-ms-dynamically-added":true,"description":"Please enter your input","x-ms-content-hint":"TEXT"}},"required":["text","text_1","text_2"]},"headersSchema":{"x-ms-user-email-encoded":{"title":"User email","type":"string","format":"byte","x-ms-dynamically-added":false}}}}},"actions":{"List_action_type_records":{"runAfter":{"Init_System_User_Id_variable":["Succeeded"]},"type":"OpenApiConnection","inputs":{"host":{"connectionName":"shared_commondataserviceforapps","operationId":"ListRecords","apiId":"/providers/Microsoft.PowerApps/apis/shared_commondataserviceforapps"},"parameters":{"entityName":"stringmaps","$select":"attributevalue","$filter":"attributename eq 'bas_actiontypecode' and objecttypecode eq 'bas_transactionstage' and value eq '@{triggerBody()['text']}'"},"authentication":{"type":"Raw","value":"@json(decodeBase64(triggerOutputs().headers['X-MS-APIM-Tokens']))['$ConnectionKey']"}}},"Initialize_action_type_variable":{"runAfter":{"List_action_type_records":["Succeeded"]},"type":"InitializeVariable","inputs":{"variables":[{"name":"ActionTypeCode","type":"integer","value":"@first(body('List_action_type_records')?['value'])?['attributevalue']"}]}},"List_unfinished_stage_records":{"runAfter":{"Initialize_variable_Stage_Id":["Succeeded"]},"type":"OpenApiConnection","inputs":{"host":{"connectionName":"shared_commondataserviceforapps","operationId":"ListRecords","apiId":"/providers/Microsoft.PowerApps/apis/shared_commondataserviceforapps"},"parameters":{"entityName":"bas_transactionstages","$select":"bas_transactionstageid","$filter":"_bas_transactionid_value eq '@{triggerBody()['text_2']}' and _bas_endstage_value eq null"},"authentication":{"type":"Raw","value":"@json(decodeBase64(triggerOutputs().headers['X-MS-APIM-Tokens']))['$ConnectionKey']"}}},"List_stage_records":{"runAfter":{"Initialize_action_type_variable":["Succeeded"]},"type":"OpenApiConnection","inputs":{"host":{"connectionName":"shared_commondataserviceforapps","operationId":"ListRecords","apiId":"/providers/Microsoft.PowerApps/apis/shared_commondataserviceforapps"},"parameters":{"entityName":"bas_stages","$select":"bas_stageid","$filter":"bas_stagename eq '@{triggerBody()['text_1']}'"},"authentication":{"type":"Raw","value":"@json(decodeBase64(triggerOutputs().headers['X-MS-APIM-Tokens']))['$ConnectionKey']"}}},"Initialize_variable_Stage_Id":{"runAfter":{"List_stage_records":["Succeeded"]},"type":"InitializeVariable","inputs":{"variables":[{"name":"StageId","type":"string","value":"@{first(outputs('List_stage_records')?['body/value'])?['bas_stageid']}"}]}},"Init_transaction_stage_variable":{"runAfter":{"List_unfinished_stage_records":["Succeeded"]},"type":"InitializeVariable","inputs":{"variables":[{"name":"Unifinished Transaction Stage","type":"string","value":"@{first(outputs('List_unfinished_stage_records')?['body/value'])?['bas_transactionstageid']}"}]}},"Update_unfinished_transaction_stage_record":{"runAfter":{"Init_transaction_stage_variable":["Succeeded"]},"type":"OpenApiConnection","inputs":{"host":{"connectionName":"shared_commondataserviceforapps","operationId":"UpdateRecord","apiId":"/providers/Microsoft.PowerApps/apis/shared_commondataserviceforapps"},"parameters":{"entityName":"bas_transactionstages","recordId":"@variables('Unifinished Transaction Stage')","item/bas_actiontypecode":"@variables('ActionTypeCode')","item/bas_CompletedBy@odata.bind":"systemusers(@{variables('SystemUserId')})","item/bas_completedon":"@utcNow()","item/bas_EndStage@odata.bind":"bas_stages(@{variables('StageId')})"},"authentication":{"type":"Raw","value":"@json(decodeBase64(triggerOutputs().headers['X-MS-APIM-Tokens']))['$ConnectionKey']"}}},"Create_a_new_transaction_stage_record":{"runAfter":{"Update_unfinished_transaction_stage_record":["Succeeded"]},"type":"OpenApiConnection","inputs":{"host":{"connectionName":"shared_commondataserviceforapps","operationId":"CreateRecord","apiId":"/providers/Microsoft.PowerApps/apis/shared_commondataserviceforapps"},"parameters":{"entityName":"bas_transactionstages","item/bas_TransactionId@odata.bind":"bas_transactions(@{triggerBody()['text_2']})","item/bas_StartStageId@odata.bind":"bas_stages(@{variables('StageId')})"},"authentication":{"type":"Raw","value":"@json(decodeBase64(triggerOutputs().headers['X-MS-APIM-Tokens']))['$ConnectionKey']"}}},"Update_a_record":{"runAfter":{"Create_a_new_transaction_stage_record":["Succeeded"]},"type":"OpenApiConnection","inputs":{"host":{"connectionName":"shared_commondataserviceforapps","operationId":"UpdateRecord","apiId":"/providers/Microsoft.PowerApps/apis/shared_commondataserviceforapps"},"parameters":{"entityName":"bas_transactions","recordId":"@triggerBody()['text_2']","item/bas_StageId@odata.bind":"bas_stages(@{variables('StageId')})"},"authentication":{"type":"Raw","value":"@json(decodeBase64(triggerOutputs().headers['X-MS-APIM-Tokens']))['$ConnectionKey']"}}},"List_Systemuser_records":{"runAfter":{"Init_Email_Address_variable":["Succeeded"]},"type":"OpenApiConnection","inputs":{"host":{"connectionName":"shared_commondataserviceforapps","operationId":"ListRecords","apiId":"/providers/Microsoft.PowerApps/apis/shared_commondataserviceforapps"},"parameters":{"entityName":"systemusers","$select":"systemuserid","$filter":"domainname eq '@{variables('EmailAddress')}'"},"authentication":{"type":"Raw","value":"@json(decodeBase64(triggerOutputs().headers['X-MS-APIM-Tokens']))['$ConnectionKey']"}}},"Init_Email_Address_variable":{"runAfter":{},"type":"InitializeVariable","inputs":{"variables":[{"name":"EmailAddress","type":"string","value":"@base64ToString(triggerOutputs()['headers']['x-ms-user-email-encoded'])"}]}},"Init_System_User_Id_variable":{"runAfter":{"List_Systemuser_records":["Succeeded"]},"type":"InitializeVariable","inputs":{"variables":[{"name":"SystemUserId","type":"string","value":"@{first(outputs('List_Systemuser_records')?['body/value'])?['systemuserid']}"}]}},"Get_a_transaction_record":{"runAfter":{"Update_a_record":["Succeeded"]},"type":"OpenApiConnection","inputs":{"host":{"connectionName":"shared_commondataserviceforapps","operationId":"GetItem","apiId":"/providers/Microsoft.PowerApps/apis/shared_commondataserviceforapps"},"parameters":{"entityName":"bas_transactions","recordId":"@triggerBody()['text_2']"},"authentication":{"type":"Raw","value":"@json(decodeBase64(triggerOutputs().headers['X-MS-APIM-Tokens']))['$ConnectionKey']"}}},"Get_a_client_(account)_record":{"runAfter":{"Get_a_transaction_record":["Succeeded"]},"type":"OpenApiConnection","inputs":{"host":{"connectionName":"shared_commondataserviceforapps","operationId":"GetItem","apiId":"/providers/Microsoft.PowerApps/apis/shared_commondataserviceforapps"},"parameters":{"entityName":"accounts","recordId":"@outputs('Get_a_transaction_record')?['body/_bas_accountid_value']","$select":"name"},"authentication":{"type":"Raw","value":"@json(decodeBase64(triggerOutputs().headers['X-MS-APIM-Tokens']))['$ConnectionKey']"}}},"Get_a_contact_record":{"runAfter":{"Get_a_transaction_record":["Succeeded"]},"type":"OpenApiConnection","inputs":{"host":{"connectionName":"shared_commondataserviceforapps","operationId":"GetItem","apiId":"/providers/Microsoft.PowerApps/apis/shared_commondataserviceforapps"},"parameters":{"entityName":"contacts","recordId":"@outputs('Get_a_transaction_record')?['body/_bas_contactid_value']","$select":"fullname"},"authentication":{"type":"Raw","value":"@json(decodeBase64(triggerOutputs().headers['X-MS-APIM-Tokens']))['$ConnectionKey']"}}},"Get_an_approver_record":{"runAfter":{"Get_a_transaction_record":["Succeeded"]},"type":"OpenApiConnection","inputs":{"host":{"connectionName":"shared_commondataserviceforapps","operationId":"GetItem","apiId":"/providers/Microsoft.PowerApps/apis/shared_commondataserviceforapps"},"parameters":{"entityName":"systemusers","recordId":"@outputs('Get_a_transaction_record')?['body/_bas_approverid_value']","$select":"fullname"},"authentication":{"type":"Raw","value":"@json(decodeBase64(triggerOutputs().headers['X-MS-APIM-Tokens']))['$ConnectionKey']"}}},"Send_an_email_(V2)":{"runAfter":{"Get_an_approver_record":["Succeeded"],"Get_a_contact_record":["Succeeded"],"Get_a_client_(account)_record":["Succeeded"]},"type":"OpenApiConnection","inputs":{"host":{"connectionName":"shared_office365","operationId":"SendEmailV2","apiId":"/providers/Microsoft.PowerApps/apis/shared_office365"},"parameters":{"emailMessage/To":"alevin@msbizapps365.onmicrosoft.com","emailMessage/Subject":"Test Email with Adaptive Cards","emailMessage/Body":"<html>\n<head>\n<script type=\"application/adaptivecard+json\">\n{\n    \"type\": \"AdaptiveCard\",\n    \"body\": [\n        {\n            \"type\": \"ColumnSet\",\n            \"style\": \"emphasis\",\n            \"columns\": [\n                {\n                    \"type\": \"Column\",\n                    \"items\": [\n                        {\n                            \"type\": \"TextBlock\",\n                            \"text\": \"Transaction Approval\",\n                            \"wrap\": true\n                        }\n                    ],\n                    \"width\": \"stretch\",\n                    \"padding\": \"None\"\n                },\n                {\n                    \"type\": \"Column\",\n                    \"items\": [\n                        {\n                            \"type\": \"TextBlock\",\n                            \"horizontalAlignment\": \"Right\",\n                            \"color\": \"Accent\",\n                            \"text\": \"[#@{outputs('Get_a_transaction_record')?['body/bas_transactionnumber']}](https://dev001.crm.dynamics.com/main.aspx?appid=31dec629-a94b-eb11-a813-000d3a4eb943&recordSetQueryKey=bas_transaction-b170e0b2-c04f-4f23-bc22-aace604d1056%253A%2520%253A%2520%253A%2520%253A%2520%253A%2520%253A%2520false%253A%2520%253A%2520%253A%252050&pagetype=entityrecord&etn=bas_transaction&id=34dfc30e-ef4d-eb11-a813-000d3a5312c0)\",\n                            \"wrap\": true\n                        }\n                    ],\n                    \"width\": \"stretch\",\n                    \"padding\": \"None\"\n                }\n            ],\n            \"padding\": \"Default\",\n            \"spacing\": \"None\"\n        },\n        {\n            \"type\": \"Container\",\n            \"items\": [\n                {\n                    \"type\": \"TextBlock\",\n                    \"size\": \"Large\",\n                    \"weight\": \"Bolder\",\n                    \"text\": \"A transaction record by Miguel Garcia is pending your approval.\",\n                    \"wrap\": true\n                }\n            ],\n            \"padding\": \"Default\",\n            \"spacing\": \"None\",\n            \"separator\": true\n        },\n        {\n            \"type\": \"Container\",\n            \"id\": \"7d00f965-40bb-9fc3-ff7b-a9b82a09ead4\",\n            \"padding\": \"Default\",\n            \"items\": [\n                {\n                    \"type\": \"ColumnSet\",\n                    \"columns\": [\n                        {\n                            \"type\": \"Column\",\n                            \"items\": [\n                                {\n                                    \"type\": \"Image\",\n                                    \"style\": \"Person\",\n                                    \"url\": \"https://amdesigner.azurewebsites.net/samples/assets/Miguel_Garcia.png\",\n                                    \"size\": \"Small\"\n                                }\n                            ],\n                            \"width\": \"auto\",\n                            \"padding\": \"None\"\n                        },\n                        {\n                            \"type\": \"Column\",\n                            \"items\": [\n                                {\n                                    \"type\": \"TextBlock\",\n                                    \"text\": \"Miguel Garcia\",\n                                    \"wrap\": true\n                                },\n                                {\n                                    \"type\": \"TextBlock\",\n                                    \"spacing\": \"None\",\n                                    \"color\": \"Light\",\n                                    \"text\": \"Associate\",\n                                    \"wrap\": true,\n                                    \"size\": \"Small\"\n                                },\n                                {\n                                    \"type\": \"TextBlock\",\n                                    \"spacing\": \"None\",\n                                    \"color\": \"Light\",\n                                    \"text\": \"Small Business Acquisitions\",\n                                    \"wrap\": true,\n                                    \"size\": \"Small\"\n                                }\n                            ],\n                            \"width\": \"stretch\",\n                            \"padding\": \"None\"\n                        }\n                    ],\n                    \"spacing\": \"None\",\n                    \"padding\": \"None\"\n                }\n            ],\n            \"spacing\": \"None\",\n            \"separator\": true\n        },\n        {\n            \"type\": \"Container\",\n            \"items\": [\n                {\n                    \"type\": \"TextBlock\",\n                    \"text\": \"*\\\"Please approve the transaction record for the acquisition of Alpine Ski Resort chain.\\\"*\",\n                    \"wrap\": true\n                },\n                {\n                    \"type\": \"FactSet\",\n                    \"id\": \"a46a50e6-11c3-27bb-349f-b40d820a7b83\",\n                    \"facts\": [\n                        {\n                            \"title\": \"Transaction Amount:\",\n                            \"value\": \"@{outputs('Get_a_transaction_record')?['body/bas_transactionamount']}\"\n                        },\n                        {\n                            \"title\": \"Transaction Date:\",\n                            \"value\": \"@{outputs('Get_a_transaction_record')?['body/bas_transactiondate']}\"\n                        }\n                    ]\n                }\n            ],\n            \"padding\": {\n                \"top\": \"None\",\n                \"bottom\": \"Default\",\n                \"left\": \"Default\",\n                \"right\": \"Default\"\n            },\n            \"spacing\": \"None\"\n        },\n        {\n            \"type\": \"Container\",\n            \"spacing\": \"None\",\n            \"items\": [\n                {\n                    \"type\": \"Container\",\n                    \"id\": \"b149e1cc-0414-662b-6435-ad68d851bf67\",\n                    \"padding\": \"Default\",\n                    \"items\": [\n                        {\n                            \"type\": \"ColumnSet\",\n                            \"spacing\": \"None\",\n                            \"style\": \"emphasis\",\n                            \"columns\": [\n                                {\n                                    \"type\": \"Column\",\n                                    \"items\": [\n                                        {\n                                            \"type\": \"TextBlock\",\n                                            \"weight\": \"Bolder\",\n                                            \"text\": \"Activity History\",\n                                            \"wrap\": true,\n                                            \"spacing\": \"None\"\n                                        }\n                                    ],\n                                    \"width\": \"stretch\",\n                                    \"spacing\": \"None\",\n                                    \"padding\": \"None\"\n                                },\n                                {\n                                    \"type\": \"Column\",\n                                    \"id\": \"ActivityHistoryChevronDown\",\n                                    \"items\": [\n                                        {\n                                            \"type\": \"Image\",\n                                            \"selectAction\": {\n                                                \"type\": \"Action.ToggleVisibility\",\n                                                \"id\": \"ExpandActivityHistory\",\n                                                \"title\": \"Expand Activity History\",\n                                                \"targetElements\": [\n                                                    \"ActivityHistoryWrapper\",\n                                                    \"ActivityHistoryChevronUp\",\n                                                    \"ActivityHistoryChevronDown\"\n                                                ]\n                                            },\n                                            \"url\": \"https://amdesigner.azurewebsites.net/samples/assets/Down.png\",\n                                            \"width\": \"20px\",\n                                            \"altText\": \"Expand\",\n                                            \"height\": \"20px\"\n                                        }\n                                    ],\n                                    \"width\": \"auto\",\n                                    \"spacing\": \"None\",\n                                    \"padding\": \"None\"\n                                },\n                                {\n                                    \"type\": \"Column\",\n                                    \"id\": \"ActivityHistoryChevronUp\",\n                                    \"isVisible\": false,\n                                    \"items\": [\n                                        {\n                                            \"type\": \"Image\",\n                                            \"selectAction\": {\n                                                \"type\": \"Action.ToggleVisibility\",\n                                                \"id\": \"CollapseActivityHistory\",\n                                                \"title\": \"Collapse Activity History\",\n                                                \"targetElements\": [\n                                                    \"ActivityHistoryWrapper\",\n                                                    \"ActivityHistoryChevronUp\",\n                                                    \"ActivityHistoryChevronDown\"\n                                                ]\n                                            },\n                                            \"url\": \"https://amdesigner.azurewebsites.net/samples/assets/Up.png\",\n                                            \"width\": \"20px\",\n                                            \"altText\": \"Collapse\",\n                                            \"height\": \"20px\"\n                                        }\n                                    ],\n                                    \"width\": \"auto\",\n                                    \"padding\": \"None\"\n                                }\n                            ],\n                            \"padding\": \"None\"\n                        }\n                    ],\n                    \"spacing\": \"None\",\n                    \"style\": \"emphasis\",\n                    \"separator\": true,\n                    \"selectAction\": {\n                        \"type\": \"Action.ToggleVisibility\",\n                        \"targetElements\": [\n                            \"ActivityHistoryWrapper\",\n                            \"ActivityHistoryChevronUp\",\n                            \"ActivityHistoryChevronDown\"\n                        ],\n                        \"id\": \"ExpandActivityHistory\",\n                        \"title\": \"Expand Activity History\"\n                    }\n                },\n                {\n                    \"type\": \"Container\",\n                    \"id\": \"ActivityHistoryWrapper\",\n                    \"isVisible\": false,\n                    \"items\": [\n                        {\n                            \"type\": \"TextBlock\",\n                            \"text\": \"[Created] Aric Levin on 1.3.2021\",\n                            \"wrap\": true\n                        },\n                        {\n                            \"type\": \"TextBlock\",\n                            \"spacing\": \"Small\",\n                            \"text\": \"[Submitted] Aric Levin on 1.3.2021\",\n                            \"wrap\": true\n                        },\n                        {\n                            \"type\": \"TextBlock\",\n                            \"spacing\": \"Small\",\n                            \"text\": \"[Approved by Analyst] Aric Levin on 1.3.2021\",\n                            \"wrap\": true\n                        },\n                        {\n                            \"type\": \"TextBlock\",\n                            \"spacing\": \"Small\",\n                            \"text\": \"[Approved by Associate] Aric Levin on 1.3.2021\",\n                            \"wrap\": true\n                        },\n                        {\n                            \"type\": \"TextBlock\",\n                            \"spacing\": \"Small\",\n                            \"text\": \"[Approved by Director] Aric Levin on 1.4.2021\",\n                            \"wrap\": true\n                        },\n                        {\n                            \"type\": \"TextBlock\",\n                            \"spacing\": \"Small\",\n                            \"color\": \"Good\",\n                            \"text\": \"[Pending Legal Review]\",\n                            \"wrap\": true\n                        }\n                    ],\n                    \"padding\": {\n                        \"top\": \"Default\",\n                        \"bottom\": \"Large\",\n                        \"left\": \"Default\",\n                        \"right\": \"Default\"\n                    },\n                    \"spacing\": \"None\",\n                    \"separator\": true\n                }\n            ],\n            \"padding\": \"None\",\n            \"separator\": true\n        },\n        {\n            \"type\": \"Container\",\n            \"id\": \"c8472889-6d94-90e5-5311-3ede0967cd86\",\n            \"items\": [\n                {\n                    \"type\": \"Container\",\n                    \"spacing\": \"None\",\n                    \"separator\": true,\n                    \"items\": [\n                        {\n                            \"type\": \"ColumnSet\",\n                            \"columns\": [\n                                {\n                                    \"type\": \"Column\",\n                                    \"items\": [\n                                        {\n                                            \"type\": \"TextBlock\",\n                                            \"weight\": \"Bolder\",\n                                            \"text\": \"Transaction Details\",\n                                            \"wrap\": true,\n                                            \"spacing\": \"None\"\n                                        }\n                                    ],\n                                    \"width\": \"stretch\",\n                                    \"padding\": \"None\"\n                                },\n                                {\n                                    \"type\": \"Column\",\n                                    \"id\": \"ExpenseDetailsChevronDown\",\n                                    \"items\": [\n                                        {\n                                            \"type\": \"Image\",\n                                            \"selectAction\": {\n                                                \"type\": \"Action.ToggleVisibility\",\n                                                \"id\": \"ExpandExpenseDetails\",\n                                                \"title\": \"Expand Expense Details\",\n                                                \"targetElements\": [\n                                                    \"ExpenseDetailsWrapper\",\n                                                    \"ExpenseDetailsChevronUp\",\n                                                    \"ExpenseDetailsChevronDown\"\n                                                ]\n                                            },\n                                            \"url\": \"https://amdesigner.azurewebsites.net/samples/assets/Down.png\",\n                                            \"width\": \"20px\",\n                                            \"altText\": \"Expand\",\n                                            \"height\": \"20px\"\n                                        }\n                                    ],\n                                    \"width\": \"auto\",\n                                    \"padding\": \"None\"\n                                },\n                                {\n                                    \"type\": \"Column\",\n                                    \"id\": \"ExpenseDetailsChevronUp\",\n                                    \"isVisible\": false,\n                                    \"items\": [\n                                        {\n                                            \"type\": \"Image\",\n                                            \"selectAction\": {\n                                                \"type\": \"Action.ToggleVisibility\",\n                                                \"id\": \"CollapseExpenseDetails\",\n                                                \"title\": \"Collapse Expense Details\",\n                                                \"targetElements\": [\n                                                    \"ExpenseDetailsWrapper\",\n                                                    \"ExpenseDetailsChevronUp\",\n                                                    \"ExpenseDetailsChevronDown\"\n                                                ]\n                                            },\n                                            \"url\": \"https://amdesigner.azurewebsites.net/samples/assets/Up.png\",\n                                            \"width\": \"20px\",\n                                            \"altText\": \"Collapse\",\n                                            \"height\": \"20px\"\n                                        }\n                                    ],\n                                    \"width\": \"auto\",\n                                    \"padding\": \"None\"\n                                }\n                            ],\n                            \"padding\": \"None\"\n                        }\n                    ],\n                    \"padding\": \"Default\",\n                    \"style\": \"emphasis\",\n                    \"selectAction\": {\n                        \"type\": \"Action.ToggleVisibility\",\n                        \"targetElements\": [\n                            \"ExpenseDetailsWrapper\",\n                            \"ExpenseDetailsChevronUp\",\n                            \"ExpenseDetailsChevronDown\"\n                        ],\n                        \"id\": \"ExpandExpenseDetails\",\n                        \"title\": \"Expand Expense Details\"\n                    }\n                },\n                {\n                    \"type\": \"Container\",\n                    \"id\": \"ExpenseDetailsWrapper\",\n                    \"isVisible\": false,\n                    \"items\": [\n                        {\n                            \"type\": \"ColumnSet\",\n                            \"columns\": [\n                                {\n                                    \"type\": \"Column\",\n                                    \"items\": [\n                                        {\n                                            \"type\": \"FactSet\",\n                                            \"id\": \"9d60e7c6-611b-c2b9-b43e-af37c0154ad6\",\n                                            \"facts\": [\n                                                {\n                                                    \"title\": \"Transaction Title:\",\n                                                    \"value\": \"@{outputs('Get_a_transaction_record')?['body/bas_transactiontitle']}\"\n                                                },\n                                                {\n                                                    \"title\": \"Transaction Description:\",\n                                                    \"value\": \"@{outputs('Get_a_transaction_record')?['body/bas_transactiondescription']}\"\n                                                }\n                                            ]\n                                        }\n                                    ],\n                                    \"width\": \"stretch\",\n                                    \"spacing\": \"Small\",\n                                    \"padding\": \"None\"\n                                }\n                            ],\n                            \"padding\": \"None\"\n                        },\n                        {\n                            \"type\": \"ColumnSet\",\n                            \"columns\": [\n                                {\n                                    \"type\": \"Column\",\n                                    \"items\": [\n                                        {\n                                            \"type\": \"FactSet\",\n                                            \"id\": \"96be582e-4971-5a04-a892-e3a9dbf88d40\",\n                                            \"facts\": [\n                                                {\n                                                    \"title\": \"Client:\",\n                                                    \"value\": \"@{outputs('Get_a_client_(account)_record')?['body/name']}\"\n                                                },\n                                                {\n                                                    \"title\": \"Primary Contact Person:\",\n                                                    \"value\": \"@{outputs('Get_a_contact_record')?['body/fullname']}\"\n                                                },\n                                                {\n                                                    \"title\": \"Approver:\",\n                                                    \"value\": \"@{outputs('Get_an_approver_record')?['body/fullname']}\"\n                                                }\n                                            ]\n                                        }\n                                    ],\n                                    \"width\": \"stretch\",\n                                    \"spacing\": \"Small\",\n                                    \"padding\": \"None\"\n                                }\n                            ],\n                            \"padding\": \"None\",\n                            \"separator\": true\n                        },\n                        {\n                            \"type\": \"ColumnSet\",\n                            \"columns\": [\n                                {\n                                    \"type\": \"Column\",\n                                    \"items\": [\n                                        {\n                                            \"type\": \"FactSet\",\n                                            \"id\": \"ad183c8c-00b6-f723-977d-5e5fd58a8b16\",\n                                            \"facts\": [\n                                                {\n                                                    \"title\": \"Transaction Amount:\",\n                                                    \"value\": \"@{outputs('Get_a_transaction_record')?['body/bas_transactionamount']}\"\n                                                },\n                                                {\n                                                    \"title\": \"Transaction Currency:\",\n                                                    \"value\": \"USD\"\n                                                },\n                                                {\n                                                    \"title\": \"Transaction Type\",\n                                                    \"value\": \"@{outputs('Get_a_transaction_record')?['body/bas_transactiontypecode']}\"\n                                                }\n                                            ]\n                                        }\n                                    ],\n                                    \"width\": \"stretch\",\n                                    \"spacing\": \"Small\",\n                                    \"padding\": \"None\"\n                                },\n                                {\n                                    \"type\": \"Column\",\n                                    \"items\": [\n                                        {\n                                            \"type\": \"FactSet\",\n                                            \"id\": \"3ac7f96e-9e02-27eb-8c96-ce44c9f7c7b9\",\n                                            \"facts\": [\n                                                {\n                                                    \"title\": \"Transaction date:\",\n                                                    \"value\": \"@{outputs('Get_a_transaction_record')?['body/bas_transactiondate']}\"\n                                                },\n                                                {\n                                                    \"title\": \"Expected Closing Date:\",\n                                                    \"value\": \"@{outputs('Get_a_transaction_record')?['body/bas_expectedclosingdate']}\"\n                                                },\n                                                {\n                                                    \"title\": \"Completion Date:\",\n                                                    \"value\": \"@{outputs('Get_a_transaction_record')?['body/bas_completiondate']}\"\n                                                }\n                                            ]\n                                        }\n                                    ],\n                                    \"width\": \"stretch\",\n                                    \"spacing\": \"Small\",\n                                    \"padding\": \"None\"\n                                }\n                            ],\n                            \"padding\": \"None\",\n                            \"separator\": true\n                        },\n                    ],\n                    \"padding\": \"Default\",\n                    \"separator\": true,\n                    \"spacing\": \"None\"\n                }\n            ],\n            \"padding\": \"None\",\n            \"separator\": true,\n            \"spacing\": \"None\"\n        },\n        {\n            \"type\": \"Container\",\n            \"id\": \"353b659f-b668-fac0-5b7f-5d2f1bdb46ac\",\n            \"padding\": \"Default\",\n            \"items\": [\n                {\n                    \"type\": \"ActionSet\",\n                    \"actions\": [\n                        {\n                            \"type\": \"Action.Http\",\n                            \"id\": \"accept\",\n                            \"title\": \"Accept\",\n                            \"method\": \"POST\",\n                            \"url\": \"https://messagecardplaygroundfn.azurewebsites.net/api/HttpPost?code=zJaYHdG4dZdPK0GTymwYzpaCtcPAPec8fTvc2flJRvahwigYWg3p0A==&message=The expense was approved successfully\",\n                            \"body\": \"{}\",\n                            \"isPrimary\": true,\n                            \"style\": \"positive\"\n                        },\n                        {\n                            \"type\": \"Action.ShowCard\",\n                            \"id\": \"e1487cbc-66b0-037e-cdc4-045fb7d8d0b8\",\n                            \"title\": \"Reject\",\n                            \"card\": {\n                                \"type\": \"AdaptiveCard\",\n                                \"body\": [\n                                    {\n                                        \"type\": \"Input.Text\",\n                                        \"id\": \"Comment\",\n                                        \"placeholder\": \"Add a comment for your rejection\",\n                                        \"isMultiline\": true\n                                    },\n                                    {\n                                        \"type\": \"ActionSet\",\n                                        \"id\": \"1e77f639-e5a8-320f-c6de-4291227db6b3\",\n                                        \"actions\": [\n                                            {\n                                                \"type\": \"Action.Http\",\n                                                \"id\": \"1ca3a888-ebfb-1feb-064b-928960616e52\",\n                                                \"title\": \"Submit\",\n                                                \"method\": \"POST\",\n                                                \"url\": \"https://messagecardplaygroundfn.azurewebsites.net/api/HttpPost?code=zJaYHdG4dZdPK0GTymwYzpaCtcPAPec8fTvc2flJRvahwigYWg3p0A==&message=The expense was rejected\",\n                                                \"body\": \"{comment: {{Comment.value}}}\"\n                                            }\n                                        ]\n                                    }\n                                ],\n                                \"$schema\": \"http://adaptivecards.io/schemas/adaptive-card.json\",\n                                \"fallbackText\": \"Unable to render the card\",\n                                \"padding\": \"None\"\n                            }\n                        }\n                    ],\n                    \"spacing\": \"None\"\n                }\n            ],\n            \"spacing\": \"None\",\n            \"separator\": true\n        }\n    ],\n    \"$schema\": \"http://adaptivecards.io/schemas/adaptive-card.json\",\n    \"version\": \"1.0\",\n    \"padding\": \"None\"\n}\n</script>\n</head>\n</html>"},"authentication":{"type":"Raw","value":"@json(decodeBase64(triggerOutputs().headers['X-MS-APIM-Tokens']))['$ConnectionKey']"}}}},"outputs":{}}},"schemaVersion":"1.0.0.0"}