{"properties":{"connectionReferences":{"shared_commondataserviceforapps":{"runtimeSource":"embedded","connection":{"connectionReferenceLogicalName":"bas_sharedcommondataserviceforapps_d7d60"},"api":{"name":"shared_commondataserviceforapps"}}},"definition":{"$schema":"https://schema.management.azure.com/providers/Microsoft.Logic/schemas/2016-06-01/workflowdefinition.json#","contentVersion":"1.0.0.0","parameters":{"$connections":{"defaultValue":{},"type":"Object"},"$authentication":{"defaultValue":{},"type":"SecureObject"}},"triggers":{"When_a_transaction_record_is_created":{"type":"OpenApiConnectionWebhook","inputs":{"host":{"connectionName":"shared_commondataserviceforapps","operationId":"SubscribeWebhookTrigger","apiId":"/providers/Microsoft.PowerApps/apis/shared_commondataserviceforapps"},"parameters":{"subscriptionRequest/message":1,"subscriptionRequest/entityname":"bas_transaction","subscriptionRequest/scope":4,"subscriptionRequest/runas":1},"authentication":"@parameters('$authentication')"}}},"actions":{"Create_a_transaction_stage_record":{"runAfter":{"Initialize_draft_stage_variable":["Succeeded"]},"type":"OpenApiConnection","inputs":{"host":{"connectionName":"shared_commondataserviceforapps","operationId":"CreateRecord","apiId":"/providers/Microsoft.PowerApps/apis/shared_commondataserviceforapps"},"parameters":{"entityName":"bas_transactionstages","item/bas_stageidentifier":" ","item/bas_actiontypecode":810000000,"item/bas_EndStage@odata.bind":"bas_stages(@{variables('DraftStage')})","item/ownerid@odata.bind":"systemusers(@{triggerOutputs()?['body/_createdby_value']})"},"authentication":"@parameters('$authentication')"}},"Update_the_transaction_record":{"runAfter":{"Create_a_transaction_stage_record":["Succeeded"]},"type":"OpenApiConnection","inputs":{"host":{"connectionName":"shared_commondataserviceforapps","operationId":"UpdateRecord","apiId":"/providers/Microsoft.PowerApps/apis/shared_commondataserviceforapps"},"parameters":{"entityName":"bas_transactions","recordId":"@triggerOutputs()?['body/bas_transactionid']","item/bas_StageId@odata.bind":"bas_stages(@{variables('DraftStage')})"},"authentication":"@parameters('$authentication')"}},"Initialize_draft_stage_variable":{"runAfter":{},"type":"InitializeVariable","inputs":{"variables":[{"name":"DraftStage","type":"string","value":"a1558f39-e94d-eb11-a813-000d3a5312c0"}]}}},"outputs":{}}},"schemaVersion":"1.0.0.0"}