<ImportExportXml version="9.1.0.25851" SolutionPackageVersion="9.1" languagecode="1033" generatedBy="CrmLive" xmlns:xsi="http://www.w3.org/2001/XMLSchema-instance">
  <SolutionManifest>
    <UniqueName>BizAppsCore</UniqueName>
    <LocalizedNames>
      <LocalizedName description="BizApps Core" languagecode="1033" />
    </LocalizedNames>
    <Descriptions />
    <Version>1.0.0.0</Version>
    <Managed>1</Managed>
    <Publisher>
      <UniqueName>bizapps</UniqueName>
      <LocalizedNames>
        <LocalizedName description="BizApps Publisher" languagecode="1033" />
      </LocalizedNames>
      <Descriptions />
      <EMailAddress xsi:nil="true"></EMailAddress>
      <SupportingWebsiteUrl xsi:nil="true"></SupportingWebsiteUrl>
      <CustomizationPrefix>bas</CustomizationPrefix>
      <CustomizationOptionValuePrefix>81000</CustomizationOptionValuePrefix>
      <Addresses>
        <Address>
          <AddressNumber>1</AddressNumber>
          <AddressTypeCode>1</AddressTypeCode>
          <City xsi:nil="true"></City>
          <County xsi:nil="true"></County>
          <Country xsi:nil="true"></Country>
          <Fax xsi:nil="true"></Fax>
          <FreightTermsCode xsi:nil="true"></FreightTermsCode>
          <ImportSequenceNumber xsi:nil="true"></ImportSequenceNumber>
          <Latitude xsi:nil="true"></Latitude>
          <Line1 xsi:nil="true"></Line1>
          <Line2 xsi:nil="true"></Line2>
          <Line3 xsi:nil="true"></Line3>
          <Longitude xsi:nil="true"></Longitude>
          <Name xsi:nil="true"></Name>
          <PostalCode xsi:nil="true"></PostalCode>
          <PostOfficeBox xsi:nil="true"></PostOfficeBox>
          <PrimaryContactName xsi:nil="true"></PrimaryContactName>
          <ShippingMethodCode>1</ShippingMethodCode>
          <StateOrProvince xsi:nil="true"></StateOrProvince>
          <Telephone1 xsi:nil="true"></Telephone1>
          <Telephone2 xsi:nil="true"></Telephone2>
          <Telephone3 xsi:nil="true"></Telephone3>
          <TimeZoneRuleVersionNumber xsi:nil="true"></TimeZoneRuleVersionNumber>
          <UPSZone xsi:nil="true"></UPSZone>
          <UTCOffset xsi:nil="true"></UTCOffset>
          <UTCConversionTimeZoneCode xsi:nil="true"></UTCConversionTimeZoneCode>
        </Address>
        <Address>
          <AddressNumber>2</AddressNumber>
          <AddressTypeCode>1</AddressTypeCode>
          <City xsi:nil="true"></City>
          <County xsi:nil="true"></County>
          <Country xsi:nil="true"></Country>
          <Fax xsi:nil="true"></Fax>
          <FreightTermsCode xsi:nil="true"></FreightTermsCode>
          <ImportSequenceNumber xsi:nil="true"></ImportSequenceNumber>
          <Latitude xsi:nil="true"></Latitude>
          <Line1 xsi:nil="true"></Line1>
          <Line2 xsi:nil="true"></Line2>
          <Line3 xsi:nil="true"></Line3>
          <Longitude xsi:nil="true"></Longitude>
          <Name xsi:nil="true"></Name>
          <PostalCode xsi:nil="true"></PostalCode>
          <PostOfficeBox xsi:nil="true"></PostOfficeBox>
          <PrimaryContactName xsi:nil="true"></PrimaryContactName>
          <ShippingMethodCode>1</ShippingMethodCode>
          <StateOrProvince xsi:nil="true"></StateOrProvince>
          <Telephone1 xsi:nil="true"></Telephone1>
          <Telephone2 xsi:nil="true"></Telephone2>
          <Telephone3 xsi:nil="true"></Telephone3>
          <TimeZoneRuleVersionNumber xsi:nil="true"></TimeZoneRuleVersionNumber>
          <UPSZone xsi:nil="true"></UPSZone>
          <UTCOffset xsi:nil="true"></UTCOffset>
          <UTCConversionTimeZoneCode xsi:nil="true"></UTCConversionTimeZoneCode>
        </Address>
      </Addresses>
    </Publisher>
    <RootComponents>
      <RootComponent type="1" schemaName="account" behavior="0" />
      <RootComponent type="1" schemaName="bas_stage" behavior="0" />
      <RootComponent type="1" schemaName="bas_stagetransition" behavior="0" />
      <RootComponent type="1" schemaName="bas_transaction" behavior="0" />
      <RootComponent type="1" schemaName="bas_transactionstage" behavior="0" />
      <RootComponent type="1" schemaName="contact" behavior="0" />
      <RootComponent type="1" schemaName="systemuser" behavior="0" />
      <RootComponent type="1" schemaName="team" behavior="0" />
      <RootComponent type="9" schemaName="bas_actiontypecode" behavior="0" />
      <RootComponent type="29" id="{03f06c66-fa4d-eb11-a813-000d3a5312c0}" behavior="0" />
      <RootComponent type="29" id="{bd9de98b-eb4d-eb11-a813-000d3a4eb943}" behavior="0" />
      <RootComponent type="60" id="{49dcc82f-fbe5-437e-9057-1dad10fe82ad}" behavior="0" />
      <RootComponent type="60" id="{7dec620d-5390-4f90-957d-4624f88f5d14}" behavior="0" />
      <RootComponent type="60" id="{9091235e-42ac-4def-ba3a-4d92504d71ff}" behavior="0" />
      <RootComponent type="60" id="{fa87146e-3ea1-4b40-b303-e7a9319b6107}" behavior="0" />
      <RootComponent type="62" schemaName="crde5_BizAppsCore" behavior="0" />
      <RootComponent type="80" schemaName="crde5_BizAppsCore" behavior="0" />
    </RootComponents>
    <MissingDependencies>
      <MissingDependency>
        <Required key="0" type="1" schemaName="bas_lead" displayName="Lead" solution="Active" />
        <Dependent key="1" type="1" schemaName="account" displayName="Account" />
      </MissingDependency>
      <MissingDependency>
        <Required key="0" type="1" schemaName="bas_lead" displayName="Lead" solution="Active" />
        <Dependent key="2" type="1" schemaName="contact" displayName="Contact" />
      </MissingDependency>
      <MissingDependency>
        <Required key="3" type="1" schemaName="usermobileofflineprofilemembership" displayName="UserMobileOfflineProfileMembership" solution="MobileOfflineMembership (1.0.0.0)" />
        <Dependent key="4" type="1" schemaName="systemuser" displayName="User" />
      </MissingDependency>
      <MissingDependency>
        <Required key="5" type="1" schemaName="bot" displayName="Chatbot" solution="PowerVirtualAgents (1.1.2.182)" />
        <Dependent key="4" type="1" schemaName="systemuser" displayName="User" />
      </MissingDependency>
      <MissingDependency>
        <Required key="6" type="1" schemaName="teammobileofflineprofilemembership" displayName="TeamMobileOfflineProfileMembership" solution="MobileOfflineMembership (1.0.0.0)" />
        <Dependent key="7" type="1" schemaName="team" displayName="Team" />
      </MissingDependency>
      <MissingDependency>
        <Required key="8" type="66" schemaName="MscrmControls.FieldControls.ToggleControl" displayName="MscrmControls.FieldControls.ToggleControl" solution="BaseCustomControlsCore (9.0.2011.2008)" />
        <Dependent key="9" type="60" displayName="Information" parentDisplayName="Transaction" id="{7dec620d-5390-4f90-957d-4624f88f5d14}" />
      </MissingDependency>
      <MissingDependency>
        <Required key="10" type="61" schemaName="msdyn_/Images/AppModule_Default_Icon.png" displayName="msdyn_/Images/AppModule_Default_Icon.png" solution="AppModuleWebResources (2.5)" />
        <Dependent key="11" type="80" schemaName="crde5_BizAppsCore" displayName="Biz Apps Core" />
      </MissingDependency>
    </MissingDependencies>
  </SolutionManifest>
</ImportExportXml>